{
  "resultados": [
    {
      "compression": 2,
      "qubits": 5,
      "elapsed_time": 8.586947917938232,
      "alpha": 4.5,
      "beta": 0.5,
      "f_loss_value": 1368.8328843406805,
      "function_evaluations": 1467,
      "Number of iterations": 10,
      "num_params": 19,
      "params": [
        3.6552249170657047,
        5.989994116622284,
        2.940289629190102,
        3.9899132920243865,
        4.171630092444014,
        0.5760098371115638,
        2.3613331563884103,
        3.2563081259621396,
        4.026324237764426,
        1.8495892729193788,
        1.5574809552436024,
        4.315837837040614,
        5.882259488358849,
        5.477892030034541,
        5.834616770053397,
        3.537603862974842,
        5.137850907964917,
        4.026065250382906,
        2.032512187896966
      ],
      "initial_cut": 0.0,
      "refined_cut": 0.0,
      "initial_bitstring": [
        0,
        0,
        0,
        0,
        0,
        0,
        0,
        0,
        1,
        0,
        0,
        0,
        1,
        0,
        1,
        0,
        0,
        0,
        0,
        0,
        0,
        0,
        1,
        0,
        1,
        0,
        1,
        0,
        1,
        0
      ],
      "refined_bitstring": [
        0,
        0,
        0,
        0,
        0,
        0
      ],
      "optimizer_message": "Maximum number of iterations has been exceeded.",
      "optimizer_status": ""
    }
  ]
}