{
  "resultados": [
    {
      "compression": 2,
      "qubits": 5,
      "elapsed_time": 142.65458726882935,
      "alpha": 4.5,
      "beta": 0.0,
      "f_loss_value": 117.33333333333331,
      "function_evaluations": 25929,
      "Number of iterations": 500,
      "num_params": 17,
      "params": [
        2.5783814779138337,
        3.379437021816541,
        3.6303119973951827,
        3.1517988406691533,
        5.146464674002845,
        5.041227583232685,
        3.844647895871142,
        0.7735874283160546,
        2.5560313252472,
        2.5299242127535986,
        4.950678988978113,
        0.9385401454482976,
        2.7475286274604787,
        0.3310230458112464,
        3.3961025781033047,
        2.7941590326646066,
        2.892220834543285
      ],
      "initial_cut": 0.0,
      "refined_cut": 0.0,
      "initial_bitstring": [
        0,
        0,
        0,
        0,
        0,
        0,
        0,
        1,
        0,
        0,
        0,
        0,
        0,
        0,
        0,
        0,
        0,
        0,
        1,
        0,
        1,
        0,
        1,
        0
      ],
      "refined_bitstring": [
        0,
        0,
        0,
        0,
        0,
        0
      ],
      "optimizer_message": "Maximum number of iterations has been exceeded.",
      "optimizer_status": ""
    },
    {
      "compression": 2,
      "qubits": 5,
      "elapsed_time": 153.18652057647705,
      "alpha": 4.5,
      "beta": 0.5,
      "f_loss_value": 138.0,
      "function_evaluations": 25929,
      "Number of iterations": 500,
      "num_params": 17,
      "params": [
        4.1699423008420045,
        2.3981487364883463,
        3.041255778840159,
        3.3553379641227687,
        2.45599826171658,
        5.844059977138103,
        3.627902555302592,
        0.7735874283160546,
        2.4324717628980403,
        2.35202056880037,
        5.7222764707916856,
        1.5151173778709028,
        4.187981759879568,
        2.303458997754935,
        4.085614067635485,
        5.446771392258803,
        2.255709041412584
      ],
      "initial_cut": 0.0,
      "refined_cut": 0.0,
      "initial_bitstring": [
        0,
        0,
        0,
        0,
        0,
        0,
        0,
        0,
        1,
        0,
        0,
        0,
        0,
        0,
        0,
        0,
        1,
        0,
        0,
        0,
        0,
        0,
        0,
        1
      ],
      "refined_bitstring": [
        0,
        0,
        0,
        0,
        0,
        0
      ],
      "optimizer_message": "Maximum number of iterations has been exceeded.",
      "optimizer_status": ""
    },
    {
      "compression": 2,
      "qubits": 5,
      "elapsed_time": 225.44840025901794,
      "alpha": 4.5,
      "beta": 0.5,
      "f_loss_value": 138.0,
      "function_evaluations": 51429,
      "Number of iterations": 1000,
      "num_params": 17,
      "params": [
        2.319203117816159,
        2.5403660229874956,
        3.570916589582427,
        1.7249477441036662,
        1.685822402734135,
        2.4425114663502834,
        5.427903783559517,
        1.102827130833071,
        4.183753894442528,
        3.394099497201267,
        3.7466918124849746,
        1.6508168789562472,
        4.213133668106398,
        1.8321439260523678,
        2.3111001501419657,
        4.045358064015621,
        5.242627838622899
      ],
      "initial_cut": 0.0,
      "refined_cut": 0.0,
      "initial_bitstring": [
        0,
        0,
        0,
        0,
        0,
        0,
        0,
        0,
        1,
        0,
        0,
        0,
        0,
        1,
        0,
        0,
        1,
        0,
        0,
        0,
        0,
        0,
        0,
        0
      ],
      "refined_bitstring": [
        0,
        0,
        0,
        0,
        0,
        0
      ],
      "optimizer_message": "Maximum number of iterations has been exceeded.",
      "optimizer_status": ""
    },
    {
      "compression": 2,
      "qubits": 5,
      "elapsed_time": 253.86117148399353,
      "alpha": 4.5,
      "beta": 0.5,
      "f_loss_value": -36.666666666666856,
      "function_evaluations": 51429,
      "Number of iterations": 1000,
      "num_params": 17,
      "params": [
        1.4940327670717368,
        5.277726705140192,
        5.4332932251882475,
        1.9215247542288025,
        1.4455935562720468,
        2.640310996402278,
        5.19453992688984,
        5.237295418640262,
        0.6601994454911821,
        0.45911639804568116,
        2.800953403076816,
        4.615143931284685,
        3.125161260372164,
        5.985965129433897,
        4.776591931986446,
        1.1495500342599818,
        3.7844450038195347
      ],
      "initial_cut": 0.0,
      "refined_cut": 0.0,
      "initial_bitstring": [
        0,
        0,
        0,
        0,
        0,
        0,
        0,
        0,
        1,
        0,
        0,
        0,
        1,
        1,
        1,
        1,
        1,
        1,
        1,
        1,
        1,
        1,
        1,
        1
      ],
      "refined_bitstring": [
        0,
        0,
        0,
        0,
        0,
        0
      ],
      "optimizer_message": "Maximum number of iterations has been exceeded.",
      "optimizer_status": ""
    },
    {
      "compression": 2,
      "qubits": 5,
      "elapsed_time": 253.94156789779663,
      "alpha": 4.5,
      "beta": 0.5,
      "f_loss_value": -36.666666666666856,
      "function_evaluations": 51393,
      "Number of iterations": 1000,
      "num_params": 17,
      "params": [
        3.35813610747134,
        5.0678597735027715,
        5.982360145993658,
        3.9951631106569065,
        2.9921083189207023,
        1.772562182813899,
        5.042607431055692,
        6.280398521103557,
        2.1407197810739333,
        2.1821461190898344,
        3.395294877752791,
        3.078237740102215,
        1.1479250973680482,
        2.8747790412324847,
        5.595117245567707,
        5.315548729183349,
        2.815911342649194
      ],
      "initial_cut": 0.0,
      "refined_cut": 0.0,
      "initial_bitstring": [
        0,
        0,
        0,
        0,
        0,
        0,
        0,
        0,
        0,
        1,
        0,
        0,
        1,
        1,
        1,
        1,
        1,
        1,
        1,
        1,
        1,
        1,
        1,
        1
      ],
      "refined_bitstring": [
        0,
        0,
        0,
        0,
        0,
        0
      ],
      "optimizer_message": "Maximum number of iterations has been exceeded.",
      "optimizer_status": ""
    },
    {
      "compression": 2,
      "qubits": 5,
      "elapsed_time": 254.03106665611267,
      "alpha": 4.5,
      "beta": 0.5,
      "f_loss_value": -36.666666666666856,
      "function_evaluations": 51429,
      "Number of iterations": 1000,
      "num_params": 17,
      "params": [
        0.05211775042044087,
        3.2746362962954336,
        3.9430561333387284,
        5.926997965840371,
        4.248897075167483,
        4.874675830136296,
        4.01321118846998,
        5.00049731977186,
        0.8113769911352868,
        0.9378080385317271,
        0.36059219016355026,
        4.61875454923611,
        3.103842230943903,
        5.614911784668417,
        1.654934723952635,
        2.9199018174178923,
        5.580016363753723
      ],
      "initial_cut": 0.0,
      "refined_cut": 0.0,
      "initial_bitstring": [
        0,
        0,
        0,
        0,
        0,
        0,
        0,
        0,
        0,
        1,
        0,
        0,
        1,
        1,
        1,
        1,
        1,
        1,
        1,
        1,
        1,
        1,
        1,
        1
      ],
      "refined_bitstring": [
        0,
        0,
        0,
        0,
        0,
        0
      ],
      "optimizer_message": "Maximum number of iterations has been exceeded.",