{
  "resultados": [
    {
      "compression": 2,
      "qubits": 7,
      "elapsed_time": 796.6311666965485,
      "alpha": 6.0,
      "beta": 0.5,
      "f_loss_value": 406.9999999999999,
      "function_evaluations": 111149,
      "Number of iterations": 1000,
      "num_params": 37,
      "params": [
        5.293710246902601,
        5.338055521244458,
        0.08442373561391525,
        0.1737063233798115,
        5.579104080106706,
        2.367597751902335,
        0.7781578555508339,
        1.7466805229628826,
        2.423636863561978,
        2.757763130658788,
        0.5960962952279867,
        4.150252041845709,
        0.7509357283562195,
        4.495586530285523,
        1.8916922870478527,
        2.893284398161474,
        5.082498733732282,
        5.690001671087284,
        4.73774310472908,
        1.2437485389758902,
        4.994381675544949,
        0.49425479916697235,
        4.803245380483509,
        2.6605518039536076,
        2.780876308571587,
        1.0552642506425265,
        1.0479648805320956,
        5.483423982605377,
        3.170874075669392,
        0.25067860914631446,
        5.793466616319348,
        0.9827325877688962,
        4.898472119891749,
        4.1028594514661565,
        4.5620070022832895,
        3.801013780778214,
        1.0540666984990934
      ],
      "initial_cut": 563.3333333333333,
      "refined_cut": 903.3333333333333,
      "initial_bitstring": [
        0,
        0,
        1,
        0,
        0,
        0,
        0,
        0,
        0,
        0,
        0,
        0,
        0,
        0,
        0,
        0,
        0,
        0,
        0,
        1,
        0,
        0,
        1,
        0,
        0,
        0,
        1,
        1,
        0,
        0,
        0,
        0,
        0,
        0,
        1,
        0,
        0,
        0,
        0,
        0,
        0,
        0,
        0,
        1,
        0,
        0,
        0,
        0,
        0,
        0
      ],
      "refined_bitstring": [
        0,
        0,
        0,
        0,
        0,
        1,
        0,
        0,
        0,
        0,
        0,
        0,
        0,
        0
      ],
      "optimizer_message": "Maximum number of iterations has been exceeded.",
      "optimizer_status": ""
    },
    {
      "compression": 2,
      "qubits": 7,
      "elapsed_time": 806.0525329113007,
      "alpha": 6.0,
      "beta": 0.5,
      "f_loss_value": 405.33333333333326,
      "function_evaluations": 111149,
      "Number of iterations": 1000,
      "num_params": 37,
      "params": [
        5.940472010249071,
        2.0649579622824046,
        5.833415821666405,
        5.464670849414926,
        2.2832128420362703,
        3.7258697513322243,
        3.8171609208377153,
        2.064191014613342,
        3.922745812156636,
        3.354212508501366,
        5.375891156165889,
        0.10007848652360529,
        5.402437458868911,
        5.910211242381415,
        4.2278204643979365,
        6.060797884743069,
        0.7593172483641513,
        2.0672173980274566,
        1.5734178858799226,
        5.803189665997358,
        4.145270238112416,
        4.565758054312657,
        4.90523378284061,
        0.5777506574339908,
        4.640833877916964,
        0.7449136514968573,
        0.7592185887830238,
        4.72612748772443,
        4.260054286858967,
        4.362575392887292,
        2.1157997859112205,
        4.392682587003367,
        3.8435876665955018,
        4.215863495995968,
        2.857947726445208,
        0.47697327029119796,
        3.8244646471326047
      ],
      "initial_cut": 746.6666666666667,
      "refined_cut": 1693.333333333333,
      "initial_bitstring": [
        0,
        0,
        0,
        0,
        0,
        0,
        1,
        0,
        0,
        0,
        0,
        0,
        0,
        0,
        0,
        0,
        0,
        0,
        0,
        0,
        0,
        0,
        1,
        0,
        0,
        0,
        0,
        0,
        0,
        0,
        0,
        0,
        0,
        0,
        1,
        1,
        1,
        1,
        1,
        0,
        0,
        0,
        0,
        0,
        0,
        0,
        0,
        0,
        0,
        0
      ],
      "refined_bitstring": [
        0,
        0,
        0,
        0,
        0,
        0,
        0,
        0,
        0,
        0,
        1,
        0,
        0,
        0
      ],
      "optimizer_message": "Maximum number of iterations has been exceeded.",
      "optimizer_status": ""
    }
  ]
}